OBJECTNUMMER;Naam;Straatnaam;Doelgroep;Aantal_woningen;Status;Termijn_project;Eigenaar_beheerder;Informatie;Webpagina;WKT_LNG_LAT;WKT_LAT_LNG;LNG;LAT;
1;"Rode Kruislaan, Diemen";"Rode Kruislaan, Diemen";"Studenten";924;"Bestaand";"Permanent";"De Key ";"";"";"POINT(4.9693611,52.3426177)";"POINT(52.3426177,4.9693611)";4.9693611;52.3426177;
2;"De Feniks ";"James Wattstraat";"Studenten";342;"Bestaand";"Permanent";"DUWO";"";"";"POINT(4.9221809,52.3494231)";"POINT(52.3494231,4.9221809)";4.9221809;52.3494231;
3;"MyPlace";"Javaplein";"Studenten";172;"Bestaand";"Permanent";"Ymere";"";"";"POINT(4.9389341,52.3634802)";"POINT(52.3634802,4.9389341)";4.9389341;52.3634802;
4;"Meer en Vaart";"Meer en Vaart 352";"Studenten";395;"Bestaand";"Permanent";"";"";"";"POINT(4.8097231,52.3545653)";"POINT(52.3545653,4.8097231)";4.8097231;52.3545653;
5;"Bijltjespad/Kattenburgerstraat";"Bijltjespad/Kattenburgerstraat";"Studenten";280;"Bestaand";"Permanent";"De Key";"";"";"POINT(4.917197,52.3715026)";"POINT(52.3715026,4.917197)";4.917197;52.3715026;
7;"Weesperflat";"Weesperstraat";"Studenten";228;"Bestaand";"Permanent";"De Key";"";"";"POINT(4.9062941,52.3647315)";"POINT(52.3647315,4.9062941)";4.9062941;52.3647315;
11;"Zuiderzeeweg Oost";"Zuiderzeeweg 50";"Studenten";335;"Bestaand";"Tijdelijk";"De Key";"";"";"POINT(4.9652498,52.3707396)";"POINT(52.3707396,4.9652498)";4.9652498;52.3707396;
13;"Echtenstein";"";"Studenten";232;"Bestaand";"Permanent";"DUWO";"";"";"POINT(4.9626229,52.3245284)";"POINT(52.3245284,4.9626229)";4.9626229;52.3245284;
14;"Daalwijk";"Daalwijk";"Studenten";232;"Bestaand";"Permanent";"DUWO";"";"";"POINT(4.9506299,52.3212554)";"POINT(52.3212554,4.9506299)";4.9506299;52.3212554;
15;"Spinozacampus I";"Dennenrodenpad";"Studenten";700;"Bestaand";"Semipermanent";"DUWO";"";"";"POINT(4.9533579,52.321778)";"POINT(52.321778,4.9533579)";4.9533579;52.321778;
16;"The Student Hotel I";"Jan van Galenstraat 335";"Studenten";709;"Bestaand";"Permanent";"City Living";"";"";"POINT(4.836396,52.3719107)";"POINT(52.3719107,4.836396)";4.836396;52.3719107;
17;"The Student Hotel II";"Wibautstraat 125";"Studenten";574;"Bestaand";"Permanent";"City Living";"";"https://www.thestudenthotel.com/amsterdam-city/";"POINT(4.9126599,52.3538138)";"POINT(52.3538138,4.9126599)";4.9126599;52.3538138;
18;"Blue Gray";"Paalbergweg 21";"Studenten";348;"Bestaand";"Semipermanent";"Blue Grey";"Alle appartementen zijn zelfstandige eenkamer-eenheden met eigen sanitair en keuken met een totale oppervlakte van resp. 27 en 50m2 in groepen rond een gemeenschappelijke gangruimte.";"http://www.blue-gray.nl/";"POINT(4.9556668,52.2973105)";"POINT(52.2973105,4.9556668)";4.9556668;52.2973105;
19;"Campus Diemen Zuid ";"Daalwijkdreef";"Studenten";936;"Bestaand";"Permanent";"Snippe BV";"";"";"POINT(4.9571721,52.3291213)";"POINT(52.3291213,4.9571721)";4.9571721;52.3291213;
21;"Presto ";"";"Studenten";97;"Bestaand";"Permanent";"Jan PietersznHuis";"Voor muziekstudenten, verhuur via Recourt ";"";"POINT(4.9691508,52.3716475)";"POINT(52.3716475,4.9691508)";4.9691508;52.3716475;
22;"Elseviergebouw";"S. Burgerhartstraat";"Studenten";263;"Bestaand";"Permanent";"DUWO";"";"https://www.duwo.nl/over-duwo/nieuws/laatste-nieuws/bericht/artikel/betaalbare-woningen-binnen-ring-amsterdam-reageer-9-juni-494/";"POINT(4.8462269,52.3833167)";"POINT(52.3833167,4.8462269)";4.8462269;52.3833167;
24;"Villa Mokum";"";"Studenten";276;"Bestaand";"Permanent";"AM/Syntrus Achmea";"";"";"POINT(4.918597,52.338452)";"POINT(52.338452,4.918597)";4.918597;52.338452;
25;"Ravel Residence";"Antonio Vivaldistraat";"Studenten";813;"Bestaand";"Tijdelijk";"Verweij Mungra Vastgoed";"";"";"POINT(4.8842499,52.3351752)";"POINT(52.3351752,4.8842499)";4.8842499;52.3351752;
26;"AmstelHome/Student Experience";"Joan Muyskensweg";"Studenten";525;"Bestaand";"Semipermanent";"Verwij Mungra Vastgoed";"AmstelHome is a new experience. Wonen aan de Amstel in Amsterdam, wie wil dat niet. AmstelHome is een modern studentencomplex aan de Joan Muyskenweg in Amsterdam dat bestaat uit splinternieuwe zelfstandige studentenwoningen met eigen keuken en badkamer. Alle woningen hebben een vloeroppervlakte vanaf 21 m² en zijn voorzien van snelle beveiligde internet aansluiting en kabel televisie.";"http://www.studentexperience.nl/nl";"POINT(4.9135759,52.3340193)";"POINT(52.3340193,4.9135759)";4.9135759;52.3340193;
27;"Science Park II";"Carolina MacGillavrylaan";"Studenten";605;"Bestaand";"Permanent";"DUWO";"";"";"POINT(4.9507668,52.3548133)";"POINT(52.3548133,4.9507668)";4.9507668;52.3548133;
29;"Paraplufabriek";"Jacques Veltmanstraat ";"Studenten";419;"Bestaand";"Permanent";"DUWO";"Het complex bevat 419 woningen en bestaat uit twee met elkaar verbonden gebouwen geplaatst in een U-vorm rond een binnenterrein. ";"https://www.duwo.nl/over-duwo/wij-bouwen/projectinformatie/?dwid=6862&view=1&page=1&cHash=9fd9652d387b1f5a02962b034a0dc5c8";"POINT(4.8329289,52.3526579)";"POINT(52.3526579,4.8329289)";4.8329289;52.3526579;
30;"Nierkerkestraat";"Nierkerkestraat";"Gemengd";101;"Bestaand";"Tijdelijk";"Rochdale ";"";"";"POINT(4.7946989,52.3539244)";"POINT(52.3539244,4.7946989)";4.7946989;52.3539244;
32;"Science Park I";"Carolina MacGillavrylaan";"Studenten";721;"Bestaand";"Permanent";"DUWO";"";"";"POINT(4.9488351,52.3556906)";"POINT(52.3556906,4.9488351)";4.9488351;52.3556906;
33;"Bergwijkdreef";"Bergwijkdreef 53";"Studenten";500;"Bestaand";"Tijdelijk";"De Key";"Tot 2022";"";"POINT(4.960835,52.326105)";"POINT(52.326105,4.960835)";4.960835;52.326105;
35;"Zuiderzeeweg West";"Zuiderzeeweg";"Studenten";235;"Bestaand";"Tijdelijk";"DUWO";"";"";"POINT(4.960633,52.3716094)";"POINT(52.3716094,4.960633)";4.960633;52.3716094;
36;"Delfland Hart/De Veste Poeldijkstraat";"Poeldijkstraat 16";"Studenten";500;"Plan in ontwikkeling";"Permanent";"De Key";"";"https://www.dekey.nl/poeldijkstraat";"POINT(4.8437669,52.3487403)";"POINT(52.3487403,4.8437669)";4.8437669;52.3487403;
38;"Fraijlemaborg";"Stramanweg ";"Studenten";170;"Bestaand";"Permanent";"De Key";"";"";"POINT(4.945966,52.3154837)";"POINT(52.3154837,4.945966)";4.945966;52.3154837;
39;"Smiley";"IJdoornlaan";"Studenten";364;"Bestaand";"Permanent";"Van Wijnen/ IC Campus/ DUWO";"De Smiley is een markant gebouw waarin 364 betaalbare studentenwoningen zijn gekomen. ";"https://www.duwo.nl/over-duwo/nieuws/laatste-nieuws/bericht/artikel/vlag-in-top-van-nieuwbouw-364-betaalbare-studentenwoningen-zeeburgereiland-amsterdam-619/";"POINT(4.9671562,52.371163)";"POINT(52.371163,4.9671562)";4.9671562;52.371163;
41;"Spinozacampus II";"Darlingstraat";"Studenten";550;"Bestaand";"Semipermanent";"DUWO";"Elke woning heeft een eigen keuken, douche en toilet. Studenten kunnen er zo intrekken: de muren zijn afgewerkt, er ligt marmoleum op de vloer en de gordijnen hangen er al.";"www.duwo.nl";"POINT(4.9551389,52.3222434)";"POINT(52.3222434,4.9551389)";4.9551389;52.3222434;
43;"Little Manhattan";"Station Lelylaan";"Gemengd";869;"Bestaand";"Permanent";"IC Campus/ DUWO";"Little Manhattan – Lelylaan Amsterdam 590 studenten- & 279 Young Professional woningen De torens van het complex zijn markante elementen en representeren de stationsomgeving in Amsterdam West.";"http://ic-netherlands.com/portfolio-items/little-manhattan-lelylaan-in-amsterdam/";"POINT(4.8354909,52.3569724)";"POINT(52.3569724,4.8354909)";4.8354909;52.3569724;
44;"Our Domain";"Paalbergweg 9 - 11";"Gemengd";955;"Plan in ontwikkeling";"Permanent";"Greystar/Blauwhoed";"Start bouw: 2018. In totaal 955 woningen voor jongeren, studenten en Young Professionals.";"";"POINT(4.9564912,52.2985388)";"POINT(52.2985388,4.9564912)";4.9564912;52.2985388;
45;"Laan van Spartaan";"";"Studenten";205;"Bestaand";"Permanent";"Ymere ";"Voor sportstudenten";"http://www.laanvanspartaan.nl/home";"POINT(4.8405769,52.3739821)";"POINT(52.3739821,4.8405769)";4.8405769;52.3739821;
46;"Nautique Living ";"Tt. Vasumweg";"Gemengd";403;"Bestaand";"Permanent";"Bouwinvest / Student Experience";"Student Experience heeft zijn derde studentencomplex geopend in Amsterdam: Nautique Living, op het terrein van de voormalige NDSM-scheepswerf in Amsterdam Noord. Het in roestbruin Cortenstaal uitgevoerde complex bestaat uit 403 zelfstandige studentenwoningen.  De woningen hebben gemiddeld een vloeroppervlakte van 24 m². De locatie biedt extra faciliteiten zoals een lounge met zithoeken en televisies, wasserette, private dining room, game corner en studieruimte. Op het dak van het twaalf verdiepingen tellende complex is een sportveld en een dakterras met ligbanken en zitjes. Ook is er 24 uur per dag een beheerder en/of bewaker aanwezig.  Bouwinvest is eigenaar van het complex. Student Experience verhuurt de woningen en zorgt voor het beheer. De huurprijs (exclusief servicekosten en de levering van warmte en warm water) varieert van 500 tot 580 euro (woningen van 21 tot 31 m2). De servicekosten bedragen ongeveer 115 euro; daar komt dus nog verwarming van de woning en water bij. De huurprijs geeft wel recht op huurtoeslag voor studenten vanaf 23 jaar. ";"http://www.nautique-living.nl/home/";"POINT(4.8898852,52.4047324)";"POINT(52.4047324,4.8898852)";4.8898852;52.4047324;
47;"Pieter Vlamingstraat";"Pieter Vlamingstraat";"Studenten";143;"Bestaand";"Permanent";"De Key";"";"https://www.dekey.nl/#!content=&contentid1=&contentid2=&PageID=4181";"POINT(4.9281032,52.3650633)";"POINT(52.3650633,4.9281032)";4.9281032;52.3650633;
48;"Amstelcampus Leeuwenhoek";"Wibautstraat";"Studenten";150;"Bestaand";"Permanent";"De Key";"";"www.dekey.nl";"POINT(4.9101002,52.358422)";"POINT(52.358422,4.9101002)";4.9101002;52.358422;
49;"Van Heenvlietlaan";"Van Heenvlietlaan 220";"Gemengd";354;"Bestaand";"Permanent";"Amsterdam City Pads BV ";"Deels jongerenhuisvesting, deels studentenhuisvesting ";"";"POINT(4.8822281,52.327027)";"POINT(52.327027,4.8822281)";4.8822281;52.327027;
50;"Camelot Campus Slotermeerlaan";"Slotermeerlaan 1 / A.H. Gerhardhuis";"Gemengd";222;"Bestaand";"Tijdelijk";"Camelot";"In het voormalige verzorgingshuis ‘A.H. Gerhardhuis’ aan de Slotermeerlaan 1 in Amsterdam zijn betaalbare tijdelijke huurwoningen voor jongeren en studenten gerealiseerd. ";"http://nl.cameloteurope.com/nieuws/camelot-campus-slotermeerlaan-nu-beschikbaar";"POINT(4.8181479,52.3749701)";"POINT(52.3749701,4.8181479)";4.8181479;52.3749701;
53;"De Eenhoorn";"";"Studenten";324;"Bestaand";"Permanent";"DUWO";"";"";"POINT(4.9195039,52.34924)";"POINT(52.34924,4.9195039)";4.9195039;52.34924;
54;"Kolenkitbuurt";"Bos en Lommerplein 325";"Studenten";113;"Bestaand";"Tijdelijk";"";"";"";"POINT(4.8408201,52.3775984)";"POINT(52.3775984,4.8408201)";4.8408201;52.3775984;
56;"Couperusbuurt";"Herman de Manstraat 1";"Studenten";200;"Bestaand";"Tijdelijk";"";"";"";"POINT(4.831547,52.3755995)";"POINT(52.3755995,4.831547)";4.831547;52.3755995;
57;"Prinsengracht";"Prinsengracht 219";"Studenten";107;"Bestaand";"Permanent";"De Key";"";"";"POINT(4.8855312,52.3768317)";"POINT(52.3768317,4.8855312)";4.8855312;52.3768317;
60;"Casa 400";"Stephensonstraat 36";"Studenten";350;"Bestaand";"Permanent";"Casa 400";"";"";"POINT(4.9185331,52.3497511)";"POINT(52.3497511,4.9185331)";4.9185331;52.3497511;
62;"NieuwDok ";"Ms. Oslofjordweg 701";"Studenten";380;"Bestaand";"Permanent";"Biesterbos/DUWO";"Aan de Ms. Oslofjordweg 701 is het project Nieuwdok gerealiseerd. Het project bestaat uit ca. 4.000 m² schoolgebouw [ROC top] met een stalling gelegen op de begane grond en eerste verdieping inclusief patio’s met terras. Op de tweede tot en met de zesde verdieping zijn ca. 380 studentenwoningen gerealiseerd met daarbij o.a. een beheerdersruimte, wasserette en fietsenstalling gelegen op de begane grond. ";"http://www.biesterbos.nl/projecten/nieuwdok.html";"POINT(4.8889,52.4044501)";"POINT(52.4044501,4.8889)";4.8889;52.4044501;
64;"Rembrandtparkgebouw";"Staalmeesterslaan ";"Studenten";256;"Bestaand";"Permanent";"Haagse Hotelschool";"";"";"POINT(4.8439562,52.3681914)";"POINT(52.3681914,4.8439562)";4.8439562;52.3681914;
65;"GAK-gebouw";"Bos en Lommer plantsoen";"Gemengd";331;"Bestaand";"Permanent";"AM/Stadgenoot";"80 studentenwoningen, 81 jongerenwoningen en 170 koopstudio&#039;s.";"http://www.stadgenoot.nl/";"POINT(4.8444712,52.3763053)";"POINT(52.3763053,4.8444712)";4.8444712;52.3763053;
69;"IJburg Blok 51";"";"Studenten";69;"Bestaand";"Permanent";"Ymere";"Voor muziekstudenten";"";"POINT(5.0037191,52.3503615)";"POINT(52.3503615,5.0037191)";5.0037191;52.3503615;
70;"Havenmeester";"";"Studenten";48;"Bestaand";"Permanent";"Lingotto/Amvest";"";"";"POINT(5.0036771,52.3524825)";"POINT(52.3524825,5.0036771)";5.0036771;52.3524825;
71;"Bos en Lommerplein";"Hoofdweg 781 - 959";"Studenten";77;"Bestaand";"Permanent";"DRC/DUWO";"";"";"POINT(4.844804,52.3772475)";"POINT(52.3772475,4.844804)";4.844804;52.3772475;
72;"De Boelelaan";"";"Studenten";79;"Bestaand";"Permanent";"DRC/DUWO";"";"";"POINT(4.8705528,52.3346297)";"POINT(52.3346297,4.8705528)";4.8705528;52.3346297;
74;"De Aak";"Akerwateringstraat";"Jongeren";180;"Bestaand";"Permanent";"Cocon Vastgoed/Stadgenoot";"Het gaat om 180 gerenoveerde éénkamer woningen met eigen keuken, douche en toilet op de 4e, 5e en 6e etage van gebouw De Aak. De woningen zijn tussen de 24-36 m².";"http://www.cocon-vastgoed.nl/property/de-aak/";"POINT(4.7847822,52.3549925)";"POINT(52.3549925,4.7847822)";4.7847822;52.3549925;
76;"Rijswijkstraat";"Rijswijkstraat";"Jongeren";220;"Bestaand";"Permanent";"Clever Real Estate / Camelot";"Voor jongeren";"";"POINT(4.8390529,52.3497855)";"POINT(52.3497855,4.8390529)";4.8390529;52.3497855;
77;"Sayhaey De Klieverink";"Karspeldreef 1450A - 1456B";"Jongeren";217;"Bestaand";"Semipermanent";"Sayhaey";"Op 15 januari 2016 hebben de eerste 217 bewoners van het starterscomplex Sayhaey de Klieverink de sleutel van hun nieuwe woning ontvangen. ";"http://sayhaey.nl/";"POINT(4.9822729,52.3166205)";"POINT(52.3166205,4.9822729)";4.9822729;52.3166205;
78;"Change=";"Dolingadreef/Bijlmerdreef";"Jongeren";595;"Bestaand";"Permanent";"Change=";"Change= ontwikkelt community-concepten die aansluiten bij de behoeftes van specifieke doelgroepen. Om deze concepten kracht bij te zetten, bouwt Change= wooncomplexen om deze unieke visie te realiseren. Zelfstandige woonunits met eigen voorzieningen, in grote steden, met openbaar vervoer op loopafstand en met een betaalbare huur.";"http://www.change-is.com/";"POINT(4.952275,52.3158995)";"POINT(52.3158995,4.952275)";4.952275;52.3158995;
82;"Westermarkt";"Westermarkt";"Studenten";70;"Bestaand";"Permanent";"De Key";"";"";"POINT(4.8838999,52.3740508)";"POINT(52.3740508,4.8838999)";4.8838999;52.3740508;
89;"Hicondo";"Foppingadreef";"Studenten";356;"Bestaand";"Tijdelijk";"";"";"";"POINT(4.9528539,52.30856)";"POINT(52.30856,4.9528539)";4.9528539;52.30856;
90;"Elisabeth Otter Knol Stichting";"Loowaard 3";"Studenten";13;"Bestaand";"Semipermanent";"Elisabeth Otter Knol Stichting ";"In ruil voor nachtdiensten mogen studenten hier wonen. Het aantal appartementen is beperkt.";"";"POINT(4.8789489,52.3302466)";"POINT(52.3302466,4.8789489)";4.8789489;52.3302466;
91;"Amstelcampus Leeuwenhoek II";"Eerste Boerhaavestraat";"Studenten";69;"Bestaand";"Permanent";"De Key";"De appartementen zijn circa 21 m2, allen voorzien van eigen woon-/slaapkamer, badkamer en keuken. Sinds september 2017 in de verhuur";"https://www.dekey.nl/?id=1206#!PageID=4352&content=&contentid1=&contentid2=";"POINT(4.907933,52.3583228)";"POINT(52.3583228,4.907933)";4.907933;52.3583228;
93;"Laan van Spartaan ";"Jan van Galenstraat";"Studenten";361;"Bestaand";"Permanent";"IC";"";"";"POINT(4.8368218,52.373757)";"POINT(52.373757,4.8368218)";4.8368218;52.373757;
96;"Ruys de Beerenbrouckstraat";"Ruys de Beerenbrouckstraat 23";"Jongeren";28;"Plan in ontwikkeling";"Permanent";"Stadgenoot";"";"http://www.stadgenoot.nl/";"POINT(4.8050001,52.3824355)";"POINT(52.3824355,4.8050001)";4.8050001;52.3824355;
97;"Rijtuigenhof";"Rijtuigenhof 97A - 103K";"Gemengd";64;"Bestaand";"Permanent";"Eigen Haard/Lyppens";"";"https://www.eigenhaard.nl/";"POINT(4.863065,52.3587386)";"POINT(52.3587386,4.863065)";4.863065;52.3587386;
98;"Hotel Jansen";"Valschermkade 19";"Gemengd";166;"Bestaand";"Permanent";"Particulier";"Hotel Jansen is een Short Stay-hotel in Amsterdam. Sinds 1 oktober 2015 biedt zij studenten, trainees en young professionals accommodatie. Voor een dag, een week of zes maanden. ";"http://hoteljansen.nl/";"POINT(4.8450558,52.3420912)";"POINT(52.3420912,4.8450558)";4.8450558;52.3420912;
99;"ACTA 1";"Louwesweg 1";"Studenten";464;"Bestaand";"Tijdelijk";"Tijdelijk Wonen Amsterdam/De Alliantie";"";"http://www.tijdelijkwonenamsterdam.nl/";"POINT(4.8264148,52.3459975)";"POINT(52.3459975,4.8264148)";4.8264148;52.3459975;
100;"Laan van Vlaanderen";"Laan van Vlaanderen 141";"Studenten";36;"Bestaand";"Permanent";"";"";"";"POINT(4.8164642,52.3467452)";"POINT(52.3467452,4.8164642)";4.8164642;52.3467452;
101;"Tourniarestraat";"Tourniarestraat 1-3";"Studenten";140;"Bestaand";"Permanent";"Stichting Volkshuisvesting Utrecht/Nahuys BV ";"";"";"POINT(4.8250091,52.3555571)";"POINT(52.3555571,4.8250091)";4.8250091;52.3555571;
102;"Change= August Allebéplein";"August Allebeplein 78 - 1072";"Jongeren";496;"Bestaand";"Permanent";"Change=";"Change= ontwikkelt community-concepten die aansluiten bij de behoeftes van specifieke doelgroepen. Om deze concepten kracht bij te zetten, bouwt Change= wooncomplexen om deze visie te realiseren. Zelfstandige woonunits met eigen voorzieningen, in grote steden, met openbaar vervoer op loopafstand en met een betaalbare huur. ";"http://www.change-is.com/";"POINT(4.8379972,52.3630377)";"POINT(52.3630377,4.8379972)";4.8379972;52.3630377;
103;"Broederhuis";"Orteliuskade 2A - 4M";"Jongeren";30;"Bestaand";"Permanent";"Stadgenoot";"";"http://www.stadgenoot.nl/werk-in-uitvoering/broederhuis/";"POINT(4.8505762,52.3654524)";"POINT(52.3654524,4.8505762)";4.8505762;52.3654524;
104;"Prins Hendrikkade onderwijsgebouw";"Prins Hendrikkade 189";"Studenten";40;"Plan in ontwikkeling";"Permanent";"Woonstichting De Key";"Zelfstandige studio&#096;s, Planning startbouw 2020";"";"POINT(4.9111731,52.3711783)";"POINT(52.3711783,4.9111731)";4.9111731;52.3711783;
106;"Prins Hendrikkade Foelieblok";"Prins Hendrikkade 189";"Studenten";34;"Plan in ontwikkeling";"Permanent";"Woonstichting De Key";"Kleine zelfstandige studio&#096;s. Planning startbouw 2020";"https://www.dekey.nl/#!content=&contentid1=&contentid2=&PageID=2";"POINT(4.9113901,52.3707663)";"POINT(52.3707663,4.9113901)";4.9113901;52.3707663;
107;"Overhoeks kavel 5";"Docklandsweg 2";"Studenten";180;"Plan in ontwikkeling";"Permanent";"VORM Ontwikkeling B.V.";"Eind vorig jaar heeft de gemeente een tender uitgeschreven voor de ontwikkeling, financiering en realisatie van dit hoogbouwkavel in Overhoeks. Het programma bestaat voor ruim twee derde uit wonen, waarvan een deel studentenhuisvesting. Daarnaast er is ruimte voor niet-woonfuncties zoals kantoren, bedrijven, voorzieningen en ondergronds parkeren.";"https://vorm.nl/b2b/nieuws/2016-04-19/vorm-wint-tender-hoogbouwkavel-overhoeks";"POINT(4.9045641,52.3869483)";"POINT(52.3869483,4.9045641)";4.9045641;52.3869483;
109;"DC van Hall";"Van Hallstraat 286 - 288 / Donker Curtiusstraat 1 - 17";"Studenten";178;"Plan in ontwikkeling";"Permanent";"Woonstichting De Key";"Planning startbouw Q3 2020";"https://www.dekey.nl/#!content=&contentid1=&contentid2=&PageID=4329";"POINT(4.8718588,52.3790518)";"POINT(52.3790518,4.8718588)";4.8718588;52.3790518;
111;"Costa Rica";"Oostelijke handelskade 1";"Jongeren";57;"Bestaand";"Permanent";"Stadgenoot";"Costa Rica is het sluitstuk van de oostelijke Handelskade. Het gebouw bestaat twee delen. Het onderste gedeelte bevat 93 sociale huurwoningen en wordt verhuurd door Stadgenoot (etages 0 t/m 4).  Kunstenaars In het gebouw realiseert Stadgenoot een uniek project: het Ramses Shaffyhuis. Het project richt zich op de combinatie van wonen, werken, ontmoeten en exposeren. Er zijn 36 woningen gereserveerd voor jonge talenten en oude kunstenaars. Op de begane grond komt een sociëteit, waarin de kernpunten creëren, exposeren en ontmoeten bij elkaar komen. ";"http://www.stadgenoot.nl/werk-in-uitvoering/costarica/";"POINT(4.9306672,52.3753172)";"POINT(52.3753172,4.9306672)";4.9306672;52.3753172;
112;"Ottho Heldringstraat";"Ottho Heldringstraat 41";"Jongeren";65;"Bestaand";"Permanent";"De Alliantie";"";"https://www.de-alliantie.nl/";"POINT(4.8332808,52.3477713)";"POINT(52.3477713,4.8332808)";4.8332808;52.3477713;
113;"Startblok Riekerhaven";"Sportcomplex Riekerhaven";"Gemengd";500;"Bestaand";"Tijdelijk";"De Key";"In Startblok Riekerhaven staan 500 jongerenwoningen: 250 voor erkende jonge vluchtelingen (statushouders) en 250 voor werkende jongeren uit de buurt, studenten en net afgestudeerden. Samen vormen de jongeren van diverse afkomst een community waarin ieders eigen inbreng voorop staat. ";"http://www.startblok.amsterdam/";"POINT(4.8379381,52.3436438)";"POINT(52.3436438,4.8379381)";4.8379381;52.3436438;
114;"Django";"Gustav Mahlerlaan 411 - 523";"Studenten";34;"Bestaand";"Permanent";"Prospect bv (samenwerking Eigen Haar, Stadgenoot en Rochdale)";"";"";"POINT(4.8747971,52.3364493)";"POINT(52.3364493,4.8747971)";4.8747971;52.3364493;
115;"Don Bosco";"Osdorpplein";"Jongeren";415;"Plan in ontwikkeling";"Permanent";"ICN/ASR";"Op de Don Boscokavel, aan het Osdorpplein en de Don Boscostraat, ontwikkelen ASR en International Campus 415 vrije sector huurwoningen voor young professionals. Naast woningen komt er 2800m2 aan detailhandel. De bouw start naar verwachting in 2018.";"http://ic-campus.com/";"POINT(4.806609,52.359189)";"POINT(52.359189,4.806609)";4.806609;52.359189;
120;"Particulier initiatief studentenhuisvesting";"Kampina 7-9";"Studenten";8;"Bestaand";"Semipermanent";"Particulier";"";"";"POINT(4.9406798,52.4031302)";"POINT(52.4031302,4.9406798)";4.9406798;52.4031302;
121;"Gare de Nord";"Nieuwe Leeuwarderweg";"Studenten";177;"Plan in ontwikkeling";"Permanent";"De Key/Blauwhoed/AM";"Startbouw Q1 2019";"";"POINT(4.931236,52.4020201)";"POINT(52.4020201,4.931236)";4.931236;52.4020201;
123;"Voormalig SPDC-gebouw / WG-terrein";"Tweede Constantijn Huygensstraat 37";"Jongeren";90;"Plan in ontwikkeling";"Permanent";"Stadgenoot";"";"http://www.stadgenoot.nl/";"POINT(4.8728712,52.3642089)";"POINT(52.3642089,4.8728712)";4.8728712;52.3642089;
124;"Amstel III";"Paasheuvelweg 17";"Gemengd";231;"Plan in ontwikkeling";"Permanent";"Camelot Europe";"Planning startbouw Q 2020";"";"POINT(4.953315,52.2984473)";"POINT(52.2984473,4.953315)";4.953315;52.2984473;
127;"K. Wilhelminaplein 18";"K. Wilhelminaplein 18";"Studenten";154;"Bestaand";"Permanent";"Niet bekend";"";"";"POINT(4.8365209,52.3558203)";"POINT(52.3558203,4.8365209)";4.8365209;52.3558203;
128;"Akerpolderstraat";"Akerpolderstraat";"Studenten";20;"Bestaand";"Permanent";"";"";"";"POINT(4.796674,52.3417822)";"POINT(52.3417822,4.796674)";4.796674;52.3417822;
129;"Voorburgstraat";"Voorburgstraat";"Studenten";153;"Bestaand";"Tijdelijk";"DUWO";"";"https://www.duwo.nl/over-duwo/onze-gebouwen/amsterdam/complex/?dwid=5707&view=1&page=1&cHash=beee3ba6a822873202c9638d06576405";"POINT(4.8449972,52.3489234)";"POINT(52.3489234,4.8449972)";4.8449972;52.3489234;
130;"Poeldijkstraat";"Poeldijkstraat";"Studenten";48;"Bestaand";"Tijdelijk";"DUWO";"";"https://www.duwo.nl/over-duwo/onze-gebouwen/overzicht-gebouwen/informatie/?dwid=5705&cHash=761dae50b64a9309c0e40d35927e02ad";"POINT(4.844836,52.349858)";"POINT(52.349858,4.844836)";4.844836;52.349858;
132;"NoordDok";"Ms Olsfordweg";"Jongeren";309;"Plan in ontwikkeling";"Permanent";"De Key";"- 309 sociale huurwoningen, 1 à  2 kamerwoningen, 30 à 40 m2. - Plint met (commerciële) voorzieningen - Start bouw eind 2017, oplevering 2019.";"";"POINT(4.887891,52.4039313)";"POINT(52.4039313,4.887891)";4.887891;52.4039313;
133;"SET";"Daguerrestraat/Erich Salomonstraat";"Gemengd";141;"Bestaand";"Tijdelijk";"De Alliantie";"Tijdelijke nieuwbouwlocaties voor jongeren, studenten en statushouders. ";"https://set-amsterdam.nl/";"POINT(4.993581,52.3593985)";"POINT(52.3593985,4.993581)";4.993581;52.3593985;
134;"Kruislaan";"Kruislaan";"Gemengd";125;"Plan in ontwikkeling";"Tijdelijk";"Stadgenoot";"`Tijdelijke nieuwbouwlocaties voor jongeren, studenten en statushouders. 125 statushouders 125 studenten/jongeren ";"";"POINT(4.947511,52.3519522)";"POINT(52.3519522,4.947511)";4.947511;52.3519522;
135;"Th. K van Lohuizenlaan";"Th. K van Lohuizenlaan";"Gemengd";81;"Bestaand";"Tijdelijk";"De Alliantie";"Tijdelijke nieuwbouwlocaties voor jongeren, studenten en statushouders. 81 woningen in totaal.";"";"POINT(4.9461701,52.3680922)";"POINT(52.3680922,4.9461701)";4.9461701;52.3680922;
136;"Wormerveerstraat";"Wormerveerstraat 15";"Jongeren";100;"Plan in ontwikkeling";"Permanent";"De Key";"100 woningen voor 50 jongeren tezamen met 50 statushouders. Planning start Q4 2020. ";"";"POINT(4.8763249,52.3894698)";"POINT(52.3894698,4.8763249)";4.8763249;52.3894698;
138;"Hettenheuvelweg 16 / The Libra";"Hettenheuvelweg 16";"Jongeren";10;"Plan in ontwikkeling";"Permanent";"Certitudo";"Woningbouwtransformatie van 46 appartementen, waarvan 10 sociale huur met een huur tot €710 (30 m2). Ontwikkelaar is Certitudo uit Den Bosch, start bouw verwacht in 2019. Ze richten zich op middeldure huurwoningen voor starters, niet op studenten.  ";"";"POINT(4.9448612,52.3038146)";"POINT(52.3038146,4.9448612)";4.9448612;52.3038146;
139;"Crossroads (Kavel O)";"Arlandaweg";"Studenten";144;"Plan in ontwikkeling";"Permanent";"De Key";"144 onzelfstandige studentenwoningen in project Crossroads. Planning startbouw Q3 2020";"";"POINT(4.8365862,52.3866278)";"POINT(52.3866278,4.8365862)";4.8365862;52.3866278;
140;"Kavel J - Wasa Student Village";"Naritaweg";"Studenten";352;"Bestaand";"Tijdelijk";"Porten Development/Camelot";"";"https://nl.cameloteurope.com/nieuws/wasa-student-village-358-studentenwoningen-voor-jongeren-studenten-en-statushouders";"POINT(4.8346975,52.3877698)";"POINT(52.3877698,4.8346975)";4.8346975;52.3877698;
141;"Elzenhagen - Zuid ";"";"Gemengd";540;"Bestaand";"Tijdelijk";"De Key/Eigen Haard";"Tijdelijk project voor jongeren, studenten en statushouders. ";"";"POINT(4.9253561,52.39944)";"POINT(52.39944,4.9253561)";4.9253561;52.39944;
142;"Lieven Fase 1";"Maassluisstraat/Vlaardingenlaan";"Gemengd";219;"Bestaand";"Permanent";"De Key";"175 zelfstandige woningen, 44 hebben gedeelde voorzieningen.";"https://www.dekey.nl/#!PageID=4346&content=&contentid1=&contentid2=";"POINT(4.8370686,52.3473274)";"POINT(52.3473274,4.8370686)";4.8370686;52.3473274;
143;"Lieven Fase 2";"Maassluisstraat";"Studenten";58;"Bestaand";"Permanent";"De Key";"Het Zuidblokterrein, omringd door de Vlaardingenlaan, Maassluistraat, Overschiestraat en Voorburgstraat in Amsterdam Nieuw West wordt de komende jaren een levendig onderdeel van de Delftlandpleinbuurt. De Key bouwt hier circa 1150 woningen voor woonstarters.";"https://www.dekey.nl/#!PageID=4346&content=&contentid1=&contentid2=";"POINT(4.8370364,52.3478124)";"POINT(52.3478124,4.8370364)";4.8370364;52.3478124;
144;"Lieven Fase 3";"Voorburgstraat";"Gemengd";187;"Bestaand";"Permanent";"De Key";"Het Zuidblokterrein, omringd door de Vlaardingenlaan, Maassluistraat, Overschiestraat en Voorburgstraat in Amsterdam Nieuw West wordt de komende jaren een levendig onderdeel van de Delftlandpleinbuurt. De Key bouwt hier circa 1150 woningen voor woonstarters.";"https://www.dekey.nl/#!PageID=4346&content=&contentid1=&contentid2=";"POINT(4.8374655,52.348363)";"POINT(52.348363,4.8374655)";4.8374655;52.348363;
145;"Oudemanhuispoort";"Oudemanhuispoort";"Studenten";80;"Bestaand";"Permanent";"DUWO";"In het universiteitspand Oudemanhuispoort in Amsterdam komen 80 tijdelijke studentenkamers dankzij een samenwerking tussen de Universiteit van Amsterdam (UvA) en DUWO. De laatste zorgt voor de ombouw, de verhuur en het beheer. De kamers zijn bedoeld als bijdrage aan het nijpende kamertekort in de hoofdstad.";"";"POINT(4.8960611,52.3694382)";"POINT(52.3694382,4.8960611)";4.8960611;52.3694382;
146;"Crossover";"";"Gemengd";156;"Plan in ontwikkeling";"Permanent";"AM";"";"https://www.am.nl/referentieprojecten/crossover/";"POINT(4.8942138,52.3366809)";"POINT(52.3366809,4.8942138)";4.8942138;52.3366809;
147;"Urban Interactive District";"";"Gemengd";400;"Plan in ontwikkeling";"Permanent";"AM";"";"https://www.am.nl/referentieprojecten/urban-interactive-district/";"POINT(4.9396614,52.3099909)";"POINT(52.3099909,4.9396614)";4.9396614;52.3099909;
148;"Karmijn (ACTA 2)";"Louwesweg 5";"Gemengd";110;"Bestaand";"Tijdelijk";"De Alliantie/Socius";"Tijdelijk gemengd project voor jongeren, studenten en statushouders";"https://woneninkarmijn.nl/";"POINT(4.8249528,52.3463272)";"POINT(52.3463272,4.8249528)";4.8249528;52.3463272;
149;"Uilenstede (nieuw)";"Uilenstede";"Studenten";707;"Bestaand";"Permanent";"DUWO";"";"";"POINT(4.8761533,52.3208125)";"POINT(52.3208125,4.8761533)";4.8761533;52.3208125;
150;"Uilenstede (oud)";"Uilenstede";"Studenten";2716;"Bestaand";"Permanent";"DUWO";"";"";"POINT(4.8721193,52.321206)";"POINT(52.321206,4.8721193)";4.8721193;52.321206;
151;"Admiraal de Ruijterweg 410";"Admiraal de Ruijterweg";"Jongeren";36;"Bestaand";"Permanent";"Rochedale";"Jongeren en statushouders";"";"POINT(4.8501372,52.3832668)";"POINT(52.3832668,4.8501372)";4.8501372;52.3832668;
152;"Noorderkwartier";"Elzenhagensingel";"Studenten";388;"Plan in ontwikkeling";"Permanent";"Woningstichting de Key";"";"";"POINT(4.9313726,52.4036168)";"POINT(52.4036168,4.9313726)";4.9313726;52.4036168;
153;"Spark Village";"Science Park";"Gemengd";180;"Bestaand";"Permanent";"Rochedale";"";"";"POINT(4.9592521,52.3540515)";"POINT(52.3540515,4.9592521)";4.9592521;52.3540515;
154;"Oostenburg";"Dijksgracht";"Studenten";97;"Plan in ontwikkeling";"Permanent";"Stadgenoot";"";"";"POINT(4.927068,52.3722307)";"POINT(52.3722307,4.927068)";4.927068;52.3722307;
157;"Havikslaan";"Havikslaan";"Jongeren";34;"Plan in ontwikkeling";"Permanent";"Stadgenoot";"";"";"POINT(4.9153886,52.3852608)";"POINT(52.3852608,4.9153886)";4.9153886;52.3852608;
158;"Hoogte Kadijk 401";"Hoogte Kadijk";"Gemengd";116;"Bestaand";"Semipermanent";"Villex";"Mix van jongeren en statushouders";"";"POINT(4.9229534,52.3668866)";"POINT(52.3668866,4.9229534)";4.9229534;52.3668866;
160;"Open Stadscampus InHolland";"Sluisbuurt";"Gemengd";800;"Plan in ontwikkeling";"Permanent";"DUWO";"start bouw 2021";"";"POINT(4.9595293,52.3773338)";"POINT(52.3773338,4.9595293)";4.9595293;52.3773338;
161;"Startblok Zeeburgereiland";"Zuiderzeeweg";"Jongeren";188;"Plan in ontwikkeling";"Tijdelijk";"De Key";"250 tijdelijke woningen voor jongeren. Planning startbouw is Q1 2021. ";"";"POINT(4.9642039,52.3708423)";"POINT(52.3708423,4.9642039)";4.9642039;52.3708423;
162;"Sarphatistraat 92";"Sarphatistraat";"Jongeren";12;"Plan in ontwikkeling";"Permanent";"";"Planning startbouw Q3 2020";"";"POINT(4.910289,52.3614674)";"POINT(52.3614674,4.910289)";4.910289;52.3614674;
163;"Oostenburg Kavel 6";"Oostenburg";"Jongeren";150;"Plan in ontwikkeling";"Permanent";"Stadgenoot";"Planning startbouw Q3 2020";"";"POINT(4.9263375,52.3719073)";"POINT(52.3719073,4.9263375)";4.9263375;52.3719073;
164;"Transformatie Flierbosdreef";"Flierbosdreef 2-12";"Jongeren";175;"Plan in ontwikkeling";"Permanent";"Camelot";"Transformatie van kantoorgebouw naar 400 woningen. 80% zijn sociale huurwoningen, waarvan 175 jongeren woningen";"";"POINT(4.954618,52.3156193)";"POINT(52.3156193,4.954618)";4.954618;52.3156193;
165;"Lieven fase 4";"Voorburgstraat";"Jongeren";40;"Plan in ontwikkeling";"Permanent";"De Key";"Planning oplevering Q4 2019";"https://startinlieven.nl/";"POINT(4.837694,52.3481093)";"POINT(52.3481093,4.837694)";4.837694;52.3481093;
166;"Lieven fase 5";"Rodenrijsstraat";"Studenten";73;"Plan in ontwikkeling";"Permanent";"De Key";"Planning oplevering Q4 2019";"https://startinlieven.nl/";"POINT(4.8376995,52.3479162)";"POINT(52.3479162,4.8376995)";4.8376995;52.3479162;
167;"Lieven fase 6";"Voorburgstraat";"Jongeren";126;"Plan in ontwikkeling";"Permanent";"De Key";"Verwachting oplevering Q4 2021";"";"POINT(4.8383164,52.3482566)";"POINT(52.3482566,4.8383164)";4.8383164;52.3482566;
168;"Lieven fase 8";"Vlaardingenlaan/Overschiestraat";"Gemengd";406;"Plan in ontwikkeling";"Permanent";"De Key";"Verwachte oplevering Q4 2021";"https://startinlieven.nl/";"POINT(4.8391926,52.3473555)";"POINT(52.3473555,4.8391926)";4.8391926;52.3473555;
169;"Houthavens kavel 3c";"Karlskrona-Eiland";"Jongeren";306;"Plan in ontwikkeling";"Permanent";"De Key";"102 Friends-woningen. Startbouw 2020 of 2021";"";"POINT(4.8837929,52.3920774)";"POINT(52.3920774,4.8837929)";4.8837929;52.3920774;
170;"Houthavens kavel 5c";"Meme-Eiland";"Jongeren";210;"Plan in ontwikkeling";"Permanent";"De Key";"70 Friends-woningen. Startbouw 2020 of 2021";"";"POINT(4.8832505,52.393165)";"POINT(52.393165,4.8832505)";4.8832505;52.393165;
171;"Transformatie Diderotstraat";"Diderotstraat/Descartesstraat";"Jongeren";96;"Plan in ontwikkeling";"Permanent";"Stadgenoot";"Transformatie (sloop/nieuwbouw) van oud bedrijfspand naar jongerenwoningen. Planning startbouw Q2 2021";"";"POINT(4.8105158,52.37566)";"POINT(52.37566,4.8105158)";4.8105158;52.37566;
172;"Bijlmerbajes";"H. J. E. Wenckebachweg 48";"Studenten";275;"Plan in ontwikkeling";"Permanent";"De Alliantie";"";"";"POINT(4.9233498,52.339074)";"POINT(52.339074,4.9233498)";4.9233498;52.339074;
173;"August Allabéplein Blok 6 (N)";"Willem Roelofstraat";"Jongeren";198;"Plan in ontwikkeling";"Permanent";"De Key";"Planning startbouw Q4 2020. Studio&#096;s en twee-kamer appartementen";"";"POINT(4.8353671,52.3632216)";"POINT(52.3632216,4.8353671)";4.8353671;52.3632216;
174;"Baak Zuid";"Trompenburgstraat";"Jongeren";35;"Bestaand";"Permanent";"De Alliantie";"35 woningen voor jongeren en statushouders";"https://www.de-alliantie.nl/over-de-alliantie/projecten/amsterdam/baak-zuid/algemeen/";"POINT(4.9063608,52.3440651)";"POINT(52.3440651,4.9063608)";4.9063608;52.3440651;
175;"Startblok Zeeburg";"Zuiderzeeweg";"Studenten";63;"Plan in ontwikkeling";"Tijdelijk";"De Key";"Planning startbouw 2020";"";"POINT(4.9642146,52.3706327)";"POINT(52.3706327,4.9642146)";4.9642146;52.3706327;
176;"H. Cleyndertweg";"H. Cleyndertweg";"Studenten";150;"Bestaand";"Permanent";"De Key";"";"";"POINT(4.9358076,52.4020034)";"POINT(52.4020034,4.9358076)";4.9358076;52.4020034;
177;"Grote Wittenburgstraat";"Grote Wittenburgstraat";"Jongeren";11;"Bestaand";"Permanent";"De Key";"";"";"POINT(4.9192105,52.3702761)";"POINT(52.3702761,4.9192105)";4.9192105;52.3702761;
178;"Het Schouw Middengebied";"Theo Weeversweg";"Jongeren";58;"Bestaand";"Permanent";"Stadgenoot";"58 studio&#096;s in gemengd complex met gezinnen en senioren.";"https://www.stadgenoot.nl/Project/het-schouw-middengebied";"POINT(4.9438483,52.3987521)";"POINT(52.3987521,4.9438483)";4.9438483;52.3987521;
179;"Meeuwenlaan";"Pluivierstraat 11";"Jongeren";5;"Bestaand";"Permanent";"De Key";"";"https://actueel.dekey.nl/2019/08/13/jongerenwoningen-in-vogelpunt/";"POINT(4.9246648,52.3894739)";"POINT(52.3894739,4.9246648)";4.9246648;52.3894739;
180;"Eerste Helmersstraat";"Eerste Helmersstraat";"Gemengd";24;"Bestaand";"Permanent";"";"12 jongerenwoningen en 12 studenten woningen";"";"POINT(4.8644371,52.3606623)";"POINT(52.3606623,4.8644371)";4.8644371;52.3606623;

